Produto,Marca,Preço,Preço Original
Jaqueta Estaris acolchoada,Fusalp,R$ 1.688,R$ 2.839
Jaqueta xadrez dupla face,Burberry,R$ 6.269,R$ 9.750
Jaqueta de couro com capuz,Giuseppe Zanotti,R$ 3.767,R$ 15.210
Jaqueta bomber Ronan com zíper frontal,Giuseppe Zanotti,R$ 1.796,R$ 6.030
Jaqueta matelassê dupla face,Osklen,R$ 1.198,R$ 1.597
Jaqueta de couro com zíper,Giuseppe Zanotti,R$ 5.345,R$ 13.500
Jaqueta de couro,SANDRO,R$ 6.071,R$ 12.131
Jaqueta canelada,SANDRO,R$ 2.408,R$ 4.006
Jaqueta com motivo Polo Pony,Polo Ralph Lauren,R$ 1.370,R$ 1.730
Jaqueta bomber Erwin,Fusalp,R$ 3.329,R$ 4.751
Jaqueta Madison,Boggi Milano,R$ 3.731,R$ 5.326
Jaqueta matelassê com capuz,Karl Lagerfeld Jeans,R$ 1.884,R$ 3.758
Jaqueta de couro com zíper,Giuseppe Zanotti,R$ 6.011,R$ 13.500
Jaqueta Bruno,Fusalp,R$ 6.120,R$ 8.841
Jaqueta esportiva Easy Wind,The North Face,R$ 1.712,R$ 2.037
Jaqueta Reedition de vinil,Courrèges,R$ 9.653,R$ 12.064
Jaqueta Bedale,Barbour,R$ 2.707,R$ 3.420
Jaqueta Tommy Hilfiger,Tommy Hilfiger,R$ 2.787,R$ 3.285
Jaqueta com trama,SANDRO,R$ 2.685,R$ 5.360
Jaqueta Dryvent Mono,The North Face,R$ 3.229,R$ 3.924
Moletom Sicon Ative com zíper,BOSS,R$ 1.127,R$ 1.610
Jaqueta Transporter dupla face,Barbour,R$ 5.426,R$ 6.382
Jaqueta de veludo cotelê,Burberry,R$ 6.496,R$ 6.650
Jaqueta de couro com zíper,DSQUARED2,R$ 5.598,R$ 11.315
Jaqueta de linho,Boggi Milano,R$ 1.680,R$ 2.396
Jaqueta Bedale encerada,Barbour,R$ 3.955,R$ 5.270
Jaqueta La Veste Survêtement,Drôle De Monsieur,R$ 1.519,R$ 5.718
Jaqueta bomber de tricô leve,Boggi Milano,R$ 1.536,R$ 3.062
Jaqueta Core Identity,Ea7 Emporio Armani,R$ 2.018,R$ 2.343
Jaqueta Sena matelassê,Parajumpers,R$ 3.740,R$ 5.339
Jaqueta Ampato matelassê,The North Face,R$ 2.425,R$ 2.693
Jaqueta Core Identity,Ea7 Emporio Armani,R$ 2.136,R$ 2.333
Jaqueta com patch de bússola,Stone Island,R$ 7.951,R$ 11.239
Jaqueta bomber de camurça,Salvatore Santoro,R$ 7.862,R$ 8.502
Jaqueta Saikuru matelassê,The North Face,R$ 2.459,R$ 3.112
Jaqueta x Racing Bulls de couro,HUGO,R$ 3.156,R$ 5.260
Jaqueta esportiva Laurel,Casablanca,R$ 6.762,R$ 9.656
Jaqueta x Charlie Constantinou matelassê,66 North,R$ 8.584,R$ 24.505
Jaqueta de capuz com patch de bússola,Stone Island,R$ 5.604,R$ 8.002
Jaqueta Workwear,LEMAIRE,R$ 5.458,R$ 7.655
Jaqueta de linho e algodão,Boggi Milano,R$ 2.333,R$ 3.328
Jaqueta Houdini®,Patagonia,R$ 1.365,R$ 1.706
Blazer de algodão,Balmain,R$ 5.286,R$ 17.800
Jaqueta matelassê,Rossignol,R$ 1.602,R$ 3.194
Jaqueta matelassê com patch de logo,Emporio Armani,R$ 3.318,R$ 4.094
Jaqueta Metallica de couro,Represent,R$ 11.752,R$ 13.963
Jaqueta bomber de couro,Roberto Cavalli,R$ 10.696,R$ 16.640
Jaqueta bomber oversized,Random Identities,R$ 1.176,R$ 3.736
Jaqueta Himalayan acolchoada,The North Face,R$ 3.651,R$ 3.843
Jaqueta Light Soft Shell-R,Stone Island,R$ 4.805,R$ 7.872
1996 Retro Nuptse jacket,The North Face,R$ 3.215,R$ 4.593
Jaqueta matelassê xadrez,Osklen,R$ 1.198,R$ 1.597
Jaqueta bomber com logo,AMI Paris,R$ 3.704,R$ 7.398
Jaqueta matelassê com zíper,Parajumpers,R$ 3.088,R$ 4.407
Jaqueta TNF Cordura®,The North Face,R$ 1.118,R$ 1.991
Jaqueta isolada 180GR,Rossignol,R$ 1.602,R$ 3.194
Jaqueta Mountain Q impermeável,The North Face,R$ 1.805,R$ 2.125
Jaqueta jeans matelassê,Karl Lagerfeld Jeans,R$ 1.884,R$ 3.758
Blazer com abotoamento simples,Boggi Milano,R$ 2.335,R$ 4.660
Jaqueta leve Ami De Coeur,AMI Paris,R$ 4.940,R$ 7.053
Conjunto de agasalho Tennis-Pro,Ea7 Emporio Armani,R$ 2.674,R$ 2.971
Colete matelassê com patch de logo,Tommy Hilfiger,R$ 3.041,R$ 5.061
Jaqueta matelassê,Ea7 Emporio Armani,R$ 2.428,R$ 2.697
Jaqueta matelassê,Burberry,R$ 4.139,R$ 9.290
Jaqueta jeans com forro,Levi's,R$ 1.918,R$ 2.134
Jaqueta com estampa de logo,Columbia,R$ 2.248,R$ 2.481
Jaqueta bomber dupla face,Emporio Armani,R$ 3.817,R$ 5.096
Jaqueta com estampa,Ea7 Emporio Armani,R$ 2.670,R$ 2.811
Jaqueta Limbara,The North Face,R$ 2.624,R$ 3.191
Jaqueta Retro Neptuse 1996,The North Face,R$ 7.086,R$ 9.480
Jaqueta Sten-at,Moorer,R$ 8.196,R$ 9.476
Jaqueta Chicago Chore,Carter Young,R$ 2.668,R$ 5.916
1996 Retro Nuptse puffer jacket,The North Face,R$ 4.864,R$ 6.006
Colete FGL Ap 5.0,Oakley,R$ 1.932,R$ 2.146
Jaqueta Skidoo com capuz,Napapijri,R$ 6.937,R$ 10.667
Jaqueta com padronagem abstrata,The North Face,R$ 2.114,R$ 4.373
Jaqueta matelassê de metal líquido,HELIOT EMIL,R$ 13.420,R$ 19.168
Jaqueta bomber de cetim com tag de logo,Dolce & Gabbana,R$ 7.800,R$ 13.000
Jaqueta bomber Portland,Tommy Hilfiger,R$ 2.173,R$ 3.100
Jaqueta Dryvent Mono,The North Face,R$ 3.519,R$ 4.207
Parka leve,Stone Island,R$ 10.220,R$ 12.792
Jaqueta jeans com respingos de tinta,DSQUARED2,R$ 2.204,R$ 4.448
Jaqueta Cora,AllSaints,R$ 5.239,R$ 7.388
Jaqueta G9 Harrington de camurça,Baracuta,R$ 6.968,R$ 7.742
Jaqueta bomber com bordado de texto,Balmain,R$ 11.631,R$ 18.535
Jaqueta de couro,FURSAC,R$ 8.495,R$ 12.131
Jaqueta de couro com botões,AMI Paris,R$ 19.191,R$ 23.703
Jaqueta bomber com patch de logo,Ea7 Emporio Armani,R$ 3.036,R$ 3.195
Jaqueta bomber Medusa Head,Versace,R$ 13.561,R$ 20.285
Jaqueta jeans Trucker,Levi's,R$ 1.769,R$ 2.182
Jaqueta acolchoada com abotoamento,DSQUARED2,R$ 2.204,R$ 4.448
Jaqueta bomber Membrana 3L TC,Stone Island,R$ 6.813,R$ 8.514
Jaqueta matelassê com patch de logo,Ea7 Emporio Armani,R$ 3.616,R$ 4.252
Jaqueta com estampa de logo,Palm Angels,R$ 3.886,R$ 5.521
Jaqueta biker de camurça,Giuseppe Zanotti,R$ 7.551,R$ 19.080
Jaqueta Lawrence matelassê,Canada Goose,R$ 13.930,R$ 19.990
